[Header],,,,,,,,,,,
IEMFileVersion,4,,,,,,,,,,
Investigator Name,Brianna Petrone,,,,,,,,,,
Experiment Name,Miniseq Test Run,,,,,,,,,,
Date,2/4/21,,,,,,,,,,
Workflow,GenerateFASTQ,,,,,,,,,,
Application,FASTQ Only,,,,,,,,,,
Assay,Custom,,,,,,,,,,
Description,none,,,,,,,,,,
Chemistry,Default,,,,,,,,,,
,,,,,,,,,,,
[Reads],,,,,,,,,,,
151,,,,,,,,,,,
151,,,,,,,,,,,
,,,,,,,,,,,
[Data],,,,,,,,,,,
Sample_ID,Sample_Name,SamplePlate,SampleWell,IndexPlate,IndexWell,Index_Name,Index,Index2_Name,Index2,Sample_Project,Description
1-A01,,1,A01,1,A01,701,TAAGGCGA,502,ATAGAGAG,,
1-B01,,1,B01,1,B01,701,TAAGGCGA,503,AGAGGATA,,
1-C01,,1,C01,1,C01,701,TAAGGCGA,505,CTCCTTAC,,
1-D01,,1,D01,1,D01,701,TAAGGCGA,506,TATGCAGT,,
1-E01,,1,E01,1,E01,701,TAAGGCGA,507,TACTCCTT,,
1-F01,,1,F01,1,F01,701,TAAGGCGA,508,AGGCTTAG,,
1-G01,,1,G01,1,G01,701,TAAGGCGA,510,ATTAGACG,,
1-H01,,1,H01,1,H01,701,TAAGGCGA,511,CGGAGAGA,,
1-A02,,1,A02,1,A02,702,CGTACTAG,502,ATAGAGAG,,
1-B02,,1,B02,1,B02,702,CGTACTAG,503,AGAGGATA,,
1-C02,,1,C02,1,C02,702,CGTACTAG,505,CTCCTTAC,,
1-D02,,1,D02,1,D02,702,CGTACTAG,506,TATGCAGT,,
1-E02,,1,E02,1,E02,702,CGTACTAG,507,TACTCCTT,,
1-F02,,1,F02,1,F02,702,CGTACTAG,508,AGGCTTAG,,
1-G02,,1,G02,1,G02,702,CGTACTAG,510,ATTAGACG,,
1-H02,,1,H02,1,H02,702,CGTACTAG,511,CGGAGAGA,,
1-A03,,1,A03,1,A03,703,AGGCAGAA,502,ATAGAGAG,,
1-B03,,1,B03,1,B03,703,AGGCAGAA,503,AGAGGATA,,
1-C03,,1,C03,1,C03,703,AGGCAGAA,505,CTCCTTAC,,
1-D03,,1,D03,1,D03,703,AGGCAGAA,506,TATGCAGT,,
1-E03,,1,E03,1,E03,703,AGGCAGAA,507,TACTCCTT,,
1-F03,,1,F03,1,F03,703,AGGCAGAA,508,AGGCTTAG,,
1-G03,,1,G03,1,G03,703,AGGCAGAA,510,ATTAGACG,,
1-H03,,1,H03,1,H03,703,AGGCAGAA,511,CGGAGAGA,,
1-A04,,1,A04,1,A04,704,TCCTGAGC,502,ATAGAGAG,,
1-B04,,1,B04,1,B04,704,TCCTGAGC,503,AGAGGATA,,
1-C04,,1,C04,1,C04,704,TCCTGAGC,505,CTCCTTAC,,
1-D04,,1,D04,1,D04,704,TCCTGAGC,506,TATGCAGT,,
1-E04,,1,E04,1,E04,704,TCCTGAGC,507,TACTCCTT,,
1-F04,,1,F04,1,F04,704,TCCTGAGC,508,AGGCTTAG,,
1-G04,,1,G04,1,G04,704,TCCTGAGC,510,ATTAGACG,,
1-H04,,1,H04,1,H04,704,TCCTGAGC,511,CGGAGAGA,,
1-A05,,1,A05,1,A05,705,GGACTCCT,502,ATAGAGAG,,
1-B05,,1,B05,1,B05,705,GGACTCCT,503,AGAGGATA,,
1-C05,,1,C05,1,C05,705,GGACTCCT,505,CTCCTTAC,,
1-D05,,1,D05,1,D05,705,GGACTCCT,506,TATGCAGT,,
1-E05,,1,E05,1,E05,705,GGACTCCT,507,TACTCCTT,,
1-F05,,1,F05,1,F05,705,GGACTCCT,508,AGGCTTAG,,
1-G05,,1,G05,1,G05,705,GGACTCCT,510,ATTAGACG,,
1-H05,,1,H05,1,H05,705,GGACTCCT,511,CGGAGAGA,,
1-A06,,1,A06,1,A06,706,TAGGCATG,502,ATAGAGAG,,
1-B06,,1,B06,1,B06,706,TAGGCATG,503,AGAGGATA,,
1-C06,,1,C06,1,C06,706,TAGGCATG,505,CTCCTTAC,,
1-D06,,1,D06,1,D06,706,TAGGCATG,506,TATGCAGT,,
1-E06,,1,E06,1,E06,706,TAGGCATG,507,TACTCCTT,,
1-F06,,1,F06,1,F06,706,TAGGCATG,508,AGGCTTAG,,
1-G06,,1,G06,1,G06,706,TAGGCATG,510,ATTAGACG,,
1-H06,,1,H06,1,H06,706,TAGGCATG,511,CGGAGAGA,,
1-A07,,1,A07,1,A07,707,CTCTCTAC,502,ATAGAGAG,,
1-B07,,1,B07,1,B07,707,CTCTCTAC,503,AGAGGATA,,
1-C07,,1,C07,1,C07,707,CTCTCTAC,505,CTCCTTAC,,
1-D07,,1,D07,1,D07,707,CTCTCTAC,506,TATGCAGT,,
1-E07,,1,E07,1,E07,707,CTCTCTAC,507,TACTCCTT,,
1-F07,,1,F07,1,F07,707,CTCTCTAC,508,AGGCTTAG,,
1-G07,,1,G07,1,G07,707,CTCTCTAC,510,ATTAGACG,,
1-H07,,1,H07,1,H07,707,CTCTCTAC,511,CGGAGAGA,,
1-A08,,1,A08,1,A08,710,CGAGGCTG,502,ATAGAGAG,,
1-B08,,1,B08,1,B08,710,CGAGGCTG,503,AGAGGATA,,
1-C08,,1,C08,1,C08,710,CGAGGCTG,505,CTCCTTAC,,
1-D08,,1,D08,1,D08,710,CGAGGCTG,506,TATGCAGT,,
1-E08,,1,E08,1,E08,710,CGAGGCTG,507,TACTCCTT,,
1-F08,,1,F08,1,F08,710,CGAGGCTG,508,AGGCTTAG,,
1-G08,,1,G08,1,G08,710,CGAGGCTG,510,ATTAGACG,,
1-H08,,1,H08,1,H08,710,CGAGGCTG,511,CGGAGAGA,,
1-A09,,1,A09,1,A09,711,AAGAGGCA,502,ATAGAGAG,,
1-B09,,1,B09,1,B09,711,AAGAGGCA,503,AGAGGATA,,
1-C09,,1,C09,1,C09,711,AAGAGGCA,505,CTCCTTAC,,
1-D09,,1,D09,1,D09,711,AAGAGGCA,506,TATGCAGT,,
1-E09,,1,E09,1,E09,711,AAGAGGCA,507,TACTCCTT,,
1-F09,,1,F09,1,F09,711,AAGAGGCA,508,AGGCTTAG,,
1-G09,,1,G09,1,G09,711,AAGAGGCA,510,ATTAGACG,,
1-H09,,1,H09,1,H09,711,AAGAGGCA,511,CGGAGAGA,,
1-A10,,1,A10,1,A10,712,GTAGAGGA,502,ATAGAGAG,,
1-B10,,1,B10,1,B10,712,GTAGAGGA,503,AGAGGATA,,
1-C10,,1,C10,1,C10,712,GTAGAGGA,505,CTCCTTAC,,
1-D10,,1,D10,1,D10,712,GTAGAGGA,506,TATGCAGT,,
1-E10,,1,E10,1,E10,712,GTAGAGGA,507,TACTCCTT,,
1-F10,,1,F10,1,F10,712,GTAGAGGA,508,AGGCTTAG,,
1-G10,,1,G10,1,G10,712,GTAGAGGA,510,ATTAGACG,,
1-H10,,1,H10,1,H10,712,GTAGAGGA,511,CGGAGAGA,,
1-A11,,1,A11,1,A11,714,GCTCATGA,502,ATAGAGAG,,
1-B11,,1,B11,1,B11,714,GCTCATGA,503,AGAGGATA,,
1-C11,,1,C11,1,C11,714,GCTCATGA,505,CTCCTTAC,,
1-D11,,1,D11,1,D11,714,GCTCATGA,506,TATGCAGT,,
1-E11,,1,E11,1,E11,714,GCTCATGA,507,TACTCCTT,,
1-F11,,1,F11,1,F11,714,GCTCATGA,508,AGGCTTAG,,
1-G11,,1,G11,1,G11,714,GCTCATGA,510,ATTAGACG,,
1-H11,,1,H11,1,H11,714,GCTCATGA,511,CGGAGAGA,,
1-A12,,1,A12,1,A12,715,ATCTCAGG,502,ATAGAGAG,,
1-B12,,1,B12,1,B12,715,ATCTCAGG,503,AGAGGATA,,
1-C12,,1,C12,1,C12,715,ATCTCAGG,505,CTCCTTAC,,
1-D12,,1,D12,1,D12,715,ATCTCAGG,506,TATGCAGT,,
1-E12,,1,E12,1,E12,715,ATCTCAGG,507,TACTCCTT,,
1-F12,,1,F12,1,F12,715,ATCTCAGG,508,AGGCTTAG,,
1-G12,,1,G12,1,G12,715,ATCTCAGG,510,ATTAGACG,,
1-H12,,1,H12,1,H12,715,ATCTCAGG,511,CGGAGAGA,,
2-A01,,2,A01,2,A01,701,TAAGGCGA,513,CTAGTCGA,,
2-B01,,2,B01,2,B01,701,TAAGGCGA,515,AGCTAGAA,,
2-C01,,2,C01,2,C01,701,TAAGGCGA,516,ACTCTAGG,,
2-D01,,2,D01,2,D01,701,TAAGGCGA,517,TCTTACGC,,
2-E01,,2,E01,2,E01,701,TAAGGCGA,518,CTTAATAG,,
2-F01,,2,F01,2,F01,701,TAAGGCGA,520,ATAGCCTT,,
2-G01,,2,G01,2,G01,701,TAAGGCGA,521,TAAGGCTC,,
2-H01,,2,H01,2,H01,701,TAAGGCGA,522,TCGCATAA,,
2-A02,,2,A02,2,A02,702,CGTACTAG,513,CTAGTCGA,,
2-B02,,2,B02,2,B02,702,CGTACTAG,515,AGCTAGAA,,
2-C02,,2,C02,2,C02,702,CGTACTAG,516,ACTCTAGG,,
2-D02,,2,D02,2,D02,702,CGTACTAG,517,TCTTACGC,,
2-E02,,2,E02,2,E02,702,CGTACTAG,518,CTTAATAG,,
2-F02,,2,F02,2,F02,702,CGTACTAG,520,ATAGCCTT,,
2-G02,,2,G02,2,G02,702,CGTACTAG,521,TAAGGCTC,,
2-H02,,2,H02,2,H02,702,CGTACTAG,522,TCGCATAA,,
2-A03,,2,A03,2,A03,703,AGGCAGAA,513,CTAGTCGA,,
2-B03,,2,B03,2,B03,703,AGGCAGAA,515,AGCTAGAA,,
2-C03,,2,C03,2,C03,703,AGGCAGAA,516,ACTCTAGG,,
2-D03,,2,D03,2,D03,703,AGGCAGAA,517,TCTTACGC,,
2-E03,,2,E03,2,E03,703,AGGCAGAA,518,CTTAATAG,,
2-F03,,2,F03,2,F03,703,AGGCAGAA,520,ATAGCCTT,,
2-G03,,2,G03,2,G03,703,AGGCAGAA,521,TAAGGCTC,,
2-H03,,2,H03,2,H03,703,AGGCAGAA,522,TCGCATAA,,
2-A04,,2,A04,2,A04,704,TCCTGAGC,513,CTAGTCGA,,
2-B04,,2,B04,2,B04,704,TCCTGAGC,515,AGCTAGAA,,
2-C04,,2,C04,2,C04,704,TCCTGAGC,516,ACTCTAGG,,
2-D04,,2,D04,2,D04,704,TCCTGAGC,517,TCTTACGC,,
2-E04,,2,E04,2,E04,704,TCCTGAGC,518,CTTAATAG,,
2-F04,,2,F04,2,F04,704,TCCTGAGC,520,ATAGCCTT,,
2-G04,,2,G04,2,G04,704,TCCTGAGC,521,TAAGGCTC,,
2-H04,,2,H04,2,H04,704,TCCTGAGC,522,TCGCATAA,,
2-A05,,2,A05,2,A05,705,GGACTCCT,513,CTAGTCGA,,
2-B05,,2,B05,2,B05,705,GGACTCCT,515,AGCTAGAA,,
2-C05,,2,C05,2,C05,705,GGACTCCT,516,ACTCTAGG,,
2-D05,,2,D05,2,D05,705,GGACTCCT,517,TCTTACGC,,
2-E05,,2,E05,2,E05,705,GGACTCCT,518,CTTAATAG,,
2-F05,,2,F05,2,F05,705,GGACTCCT,520,ATAGCCTT,,
2-G05,,2,G05,2,G05,705,GGACTCCT,521,TAAGGCTC,,
2-H05,,2,H05,2,H05,705,GGACTCCT,522,TCGCATAA,,
2-A06,,2,A06,2,A06,706,TAGGCATG,513,CTAGTCGA,,
2-B06,,2,B06,2,B06,706,TAGGCATG,515,AGCTAGAA,,
2-C06,,2,C06,2,C06,706,TAGGCATG,516,ACTCTAGG,,
2-D06,,2,D06,2,D06,706,TAGGCATG,517,TCTTACGC,,
2-E06,,2,E06,2,E06,706,TAGGCATG,518,CTTAATAG,,
2-F06,,2,F06,2,F06,706,TAGGCATG,520,ATAGCCTT,,
2-G06,,2,G06,2,G06,706,TAGGCATG,521,TAAGGCTC,,
2-H06,,2,H06,2,H06,706,TAGGCATG,522,TCGCATAA,,
2-A07,,2,A07,2,A07,707,CTCTCTAC,513,CTAGTCGA,,
2-B07,,2,B07,2,B07,707,CTCTCTAC,515,AGCTAGAA,,
2-C07,,2,C07,2,C07,707,CTCTCTAC,516,ACTCTAGG,,
2-D07,,2,D07,2,D07,707,CTCTCTAC,517,TCTTACGC,,
2-E07,,2,E07,2,E07,707,CTCTCTAC,518,CTTAATAG,,
2-F07,,2,F07,2,F07,707,CTCTCTAC,520,ATAGCCTT,,
2-G07,,2,G07,2,G07,707,CTCTCTAC,521,TAAGGCTC,,
2-H07,,2,H07,2,H07,707,CTCTCTAC,522,TCGCATAA,,
2-A08,,2,A08,2,A08,710,CGAGGCTG,513,CTAGTCGA,,
2-B08,,2,B08,2,B08,710,CGAGGCTG,515,AGCTAGAA,,
2-C08,,2,C08,2,C08,710,CGAGGCTG,516,ACTCTAGG,,
2-D08,,2,D08,2,D08,710,CGAGGCTG,517,TCTTACGC,,
2-E08,,2,E08,2,E08,710,CGAGGCTG,518,CTTAATAG,,
2-F08,,2,F08,2,F08,710,CGAGGCTG,520,ATAGCCTT,,
2-G08,,2,G08,2,G08,710,CGAGGCTG,521,TAAGGCTC,,
2-H08,,2,H08,2,H08,710,CGAGGCTG,522,TCGCATAA,,
2-A09,,2,A09,2,A09,711,AAGAGGCA,513,CTAGTCGA,,
2-B09,,2,B09,2,B09,711,AAGAGGCA,515,AGCTAGAA,,
2-C09,,2,C09,2,C09,711,AAGAGGCA,516,ACTCTAGG,,
2-D09,,2,D09,2,D09,711,AAGAGGCA,517,TCTTACGC,,
2-E09,,2,E09,2,E09,711,AAGAGGCA,518,CTTAATAG,,
2-F09,,2,F09,2,F09,711,AAGAGGCA,520,ATAGCCTT,,
2-G09,,2,G09,2,G09,711,AAGAGGCA,521,TAAGGCTC,,
2-H09,,2,H09,2,H09,711,AAGAGGCA,522,TCGCATAA,,
2-A10,,2,A10,2,A10,712,GTAGAGGA,513,CTAGTCGA,,
2-B10,,2,B10,2,B10,712,GTAGAGGA,515,AGCTAGAA,,
2-C10,,2,C10,2,C10,712,GTAGAGGA,516,ACTCTAGG,,
2-D10,,2,D10,2,D10,712,GTAGAGGA,517,TCTTACGC,,
2-E10,,2,E10,2,E10,712,GTAGAGGA,518,CTTAATAG,,
2-F10,,2,F10,2,F10,712,GTAGAGGA,520,ATAGCCTT,,
2-G10,,2,G10,2,G10,712,GTAGAGGA,521,TAAGGCTC,,
2-H10,,2,H10,2,H10,712,GTAGAGGA,522,TCGCATAA,,
2-A11,,2,A11,2,A11,714,GCTCATGA,513,CTAGTCGA,,
2-B11,,2,B11,2,B11,714,GCTCATGA,515,AGCTAGAA,,
2-C11,,2,C11,2,C11,714,GCTCATGA,516,ACTCTAGG,,
2-D11,,2,D11,2,D11,714,GCTCATGA,517,TCTTACGC,,
2-E11,,2,E11,2,E11,714,GCTCATGA,518,CTTAATAG,,
2-F11,,2,F11,2,F11,714,GCTCATGA,520,ATAGCCTT,,
2-G11,,2,G11,2,G11,714,GCTCATGA,521,TAAGGCTC,,
2-H11,,2,H11,2,H11,714,GCTCATGA,522,TCGCATAA,,
2-A12,,2,A12,2,A12,715,ATCTCAGG,513,CTAGTCGA,,
2-B12,,2,B12,2,B12,715,ATCTCAGG,515,AGCTAGAA,,
2-C12,,2,C12,2,C12,715,ATCTCAGG,516,ACTCTAGG,,
2-D12,,2,D12,2,D12,715,ATCTCAGG,517,TCTTACGC,,
2-E12,,2,E12,2,E12,715,ATCTCAGG,518,CTTAATAG,,
2-F12,,2,F12,2,F12,715,ATCTCAGG,520,ATAGCCTT,,
2-G12,,2,G12,2,G12,715,ATCTCAGG,521,TAAGGCTC,,
2-H12,,2,H12,2,H12,715,ATCTCAGG,522,TCGCATAA,,
3-A01,,3,A01,3,A01,716,ACTCGCTA,502,ATAGAGAG,,
3-B01,,3,B01,3,B01,716,ACTCGCTA,503,AGAGGATA,,
3-C01,,3,C01,3,C01,716,ACTCGCTA,504,CTCCTTAC,,
3-D01,,3,D01,3,D01,716,ACTCGCTA,505,TATGCAGT,,
3-E01,,3,E01,3,E01,716,ACTCGCTA,507,TACTCCTT,,
3-F01,,3,F01,3,F01,716,ACTCGCTA,508,AGGCTTAG,,
3-G01,,3,G01,3,G01,716,ACTCGCTA,510,ATTAGACG,,
3-H01,,3,H01,3,H01,716,ACTCGCTA,511,CGGAGAGA,,
3-A02,,3,A02,3,A02,718,GGAGCTAC,502,ATAGAGAG,,
3-B02,,3,B02,3,B02,718,GGAGCTAC,503,AGAGGATA,,
3-C02,,3,C02,3,C02,718,GGAGCTAC,504,CTCCTTAC,,
3-D02,,3,D02,3,D02,718,GGAGCTAC,505,TATGCAGT,,
3-E02,,3,E02,3,E02,718,GGAGCTAC,507,TACTCCTT,,
3-F02,,3,F02,3,F02,718,GGAGCTAC,508,AGGCTTAG,,
3-G02,,3,G02,3,G02,718,GGAGCTAC,510,ATTAGACG,,
3-H02,,3,H02,3,H02,718,GGAGCTAC,511,CGGAGAGA,,
3-A03,,3,A03,3,A03,719,GCGTAGTA,502,ATAGAGAG,,
3-B03,,3,B03,3,B03,719,GCGTAGTA,503,AGAGGATA,,
3-C03,,3,C03,3,C03,719,GCGTAGTA,504,CTCCTTAC,,
3-D03,,3,D03,3,D03,719,GCGTAGTA,505,TATGCAGT,,
3-E03,,3,E03,3,E03,719,GCGTAGTA,507,TACTCCTT,,
3-F03,,3,F03,3,F03,719,GCGTAGTA,508,AGGCTTAG,,
3-G03,,3,G03,3,G03,719,GCGTAGTA,510,ATTAGACG,,
3-H03,,3,H03,3,H03,719,GCGTAGTA,511,CGGAGAGA,,
3-A04,,3,A04,3,A04,720,CGGAGCCT,502,ATAGAGAG,,
3-B04,,3,B04,3,B04,720,CGGAGCCT,503,AGAGGATA,,
3-C04,,3,C04,3,C04,720,CGGAGCCT,504,CTCCTTAC,,
3-D04,,3,D04,3,D04,720,CGGAGCCT,505,TATGCAGT,,
3-E04,,3,E04,3,E04,720,CGGAGCCT,507,TACTCCTT,,
3-F04,,3,F04,3,F04,720,CGGAGCCT,508,AGGCTTAG,,
3-G04,,3,G04,3,G04,720,CGGAGCCT,510,ATTAGACG,,
3-H04,,3,H04,3,H04,720,CGGAGCCT,511,CGGAGAGA,,
3-A05,,3,A05,3,A05,721,TACGCTGC,502,ATAGAGAG,,
3-B05,,3,B05,3,B05,721,TACGCTGC,503,AGAGGATA,,
3-C05,,3,C05,3,C05,721,TACGCTGC,504,CTCCTTAC,,
3-D05,,3,D05,3,D05,721,TACGCTGC,505,TATGCAGT,,
3-E05,,3,E05,3,E05,721,TACGCTGC,507,TACTCCTT,,
3-F05,,3,F05,3,F05,721,TACGCTGC,508,AGGCTTAG,,
3-G05,,3,G05,3,G05,721,TACGCTGC,510,ATTAGACG,,
3-H05,,3,H05,3,H05,721,TACGCTGC,511,CGGAGAGA,,
3-A06,,3,A06,3,A06,722,ATGCGCAG,502,ATAGAGAG,,
3-B06,,3,B06,3,B06,722,ATGCGCAG,503,AGAGGATA,,
3-C06,,3,C06,3,C06,722,ATGCGCAG,504,CTCCTTAC,,
3-D06,,3,D06,3,D06,722,ATGCGCAG,505,TATGCAGT,,
3-E06,,3,E06,3,E06,722,ATGCGCAG,507,TACTCCTT,,
3-F06,,3,F06,3,F06,722,ATGCGCAG,508,AGGCTTAG,,
3-G06,,3,G06,3,G06,722,ATGCGCAG,510,ATTAGACG,,
3-H06,,3,H06,3,H06,722,ATGCGCAG,511,CGGAGAGA,,
3-A07,,3,A07,3,A07,723,TAGCGCTC,502,ATAGAGAG,,
3-B07,,3,B07,3,B07,723,TAGCGCTC,503,AGAGGATA,,
3-C07,,3,C07,3,C07,723,TAGCGCTC,504,CTCCTTAC,,
3-D07,,3,D07,3,D07,723,TAGCGCTC,505,TATGCAGT,,
3-E07,,3,E07,3,E07,723,TAGCGCTC,507,TACTCCTT,,
3-F07,,3,F07,3,F07,723,TAGCGCTC,508,AGGCTTAG,,
3-G07,,3,G07,3,G07,723,TAGCGCTC,510,ATTAGACG,,
3-H07,,3,H07,3,H07,723,TAGCGCTC,511,CGGAGAGA,,
3-A08,,3,A08,3,A08,724,ACTGAGCG,502,ATAGAGAG,,
3-B08,,3,B08,3,B08,724,ACTGAGCG,503,AGAGGATA,,
3-C08,,3,C08,3,C08,724,ACTGAGCG,504,CTCCTTAC,,
3-D08,,3,D08,3,D08,724,ACTGAGCG,505,TATGCAGT,,
3-E08,,3,E08,3,E08,724,ACTGAGCG,507,TACTCCTT,,
3-F08,,3,F08,3,F08,724,ACTGAGCG,508,AGGCTTAG,,
3-G08,,3,G08,3,G08,724,ACTGAGCG,510,ATTAGACG,,
3-H08,,3,H08,3,H08,724,ACTGAGCG,511,CGGAGAGA,,
3-A09,,3,A09,3,A09,726,CCTAAGAC,502,ATAGAGAG,,
3-B09,,3,B09,3,B09,726,CCTAAGAC,503,AGAGGATA,,
3-C09,,3,C09,3,C09,726,CCTAAGAC,504,CTCCTTAC,,
3-D09,,3,D09,3,D09,726,CCTAAGAC,505,TATGCAGT,,
3-E09,,3,E09,3,E09,726,CCTAAGAC,507,TACTCCTT,,
3-F09,,3,F09,3,F09,726,CCTAAGAC,508,AGGCTTAG,,
3-G09,,3,G09,3,G09,726,CCTAAGAC,510,ATTAGACG,,
3-H09,,3,H09,3,H09,726,CCTAAGAC,511,CGGAGAGA,,
3-A10,,3,A10,3,A10,727,CGATCAGT,502,ATAGAGAG,,
3-B10,,3,B10,3,B10,727,CGATCAGT,503,AGAGGATA,,
3-C10,,3,C10,3,C10,727,CGATCAGT,504,CTCCTTAC,,
3-D10,,3,D10,3,D10,727,CGATCAGT,505,TATGCAGT,,
3-E10,,3,E10,3,E10,727,CGATCAGT,507,TACTCCTT,,
3-F10,,3,F10,3,F10,727,CGATCAGT,508,AGGCTTAG,,
3-G10,,3,G10,3,G10,727,CGATCAGT,510,ATTAGACG,,
3-H10,,3,H10,3,H10,727,CGATCAGT,511,CGGAGAGA,,
3-A11,,3,A11,3,A11,728,TGCAGCTA,502,ATAGAGAG,,
3-B11,,3,B11,3,B11,728,TGCAGCTA,503,AGAGGATA,,
3-C11,,3,C11,3,C11,728,TGCAGCTA,504,CTCCTTAC,,
3-D11,,3,D11,3,D11,728,TGCAGCTA,505,TATGCAGT,,
3-E11,,3,E11,3,E11,728,TGCAGCTA,507,TACTCCTT,,
3-F11,,3,F11,3,F11,728,TGCAGCTA,508,AGGCTTAG,,
3-G11,,3,G11,3,G11,728,TGCAGCTA,510,ATTAGACG,,
3-H11,,3,H11,3,H11,728,TGCAGCTA,511,CGGAGAGA,,
3-A12,,3,A12,3,A12,729,TCGACGTC,502,ATAGAGAG,,
3-B12,,3,B12,3,B12,729,TCGACGTC,503,AGAGGATA,,
3-C12,,3,C12,3,C12,729,TCGACGTC,504,CTCCTTAC,,
3-D12,,3,D12,3,D12,729,TCGACGTC,505,TATGCAGT,,
3-E12,,3,E12,3,E12,729,TCGACGTC,507,TACTCCTT,,
3-F12,,3,F12,3,F12,729,TCGACGTC,508,AGGCTTAG,,
3-G12,,3,G12,3,G12,729,TCGACGTC,510,ATTAGACG,,
3-H12,,3,H12,3,H12,729,TCGACGTC,511,CGGAGAGA,,
4-A01,,4,A01,4,A01,716,ACTCGCTA,513,CTAGTCGA,,
4-B01,,4,B01,4,B01,716,ACTCGCTA,515,AGCTAGAA,,
4-C01,,4,C01,4,C01,716,ACTCGCTA,516,ACTCTAGG,,
4-D01,,4,D01,4,D01,716,ACTCGCTA,517,TCTTACGC,,
4-E01,,4,E01,4,E01,716,ACTCGCTA,518,CTTAATAG,,
4-F01,,4,F01,4,F01,716,ACTCGCTA,520,ATAGCCTT,,
4-G01,,4,G01,4,G01,716,ACTCGCTA,521,TAAGGCTC,,
4-H01,,4,H01,4,H01,716,ACTCGCTA,522,TCGCATAA,,
4-A02,,4,A02,4,A02,718,GGAGCTAC,513,CTAGTCGA,,
4-B02,,4,B02,4,B02,718,GGAGCTAC,515,AGCTAGAA,,
4-C02,,4,C02,4,C02,718,GGAGCTAC,516,ACTCTAGG,,
4-D02,,4,D02,4,D02,718,GGAGCTAC,517,TCTTACGC,,
4-E02,,4,E02,4,E02,718,GGAGCTAC,518,CTTAATAG,,
4-F02,,4,F02,4,F02,718,GGAGCTAC,520,ATAGCCTT,,
4-G02,,4,G02,4,G02,718,GGAGCTAC,521,TAAGGCTC,,
4-H02,,4,H02,4,H02,718,GGAGCTAC,522,TCGCATAA,,
4-A03,,4,A03,4,A03,719,GCGTAGTA,513,CTAGTCGA,,
4-B03,,4,B03,4,B03,719,GCGTAGTA,515,AGCTAGAA,,
4-C03,,4,C03,4,C03,719,GCGTAGTA,516,ACTCTAGG,,
4-D03,,4,D03,4,D03,719,GCGTAGTA,517,TCTTACGC,,
4-E03,,4,E03,4,E03,719,GCGTAGTA,518,CTTAATAG,,
4-F03,,4,F03,4,F03,719,GCGTAGTA,520,ATAGCCTT,,
4-G03,,4,G03,4,G03,719,GCGTAGTA,521,TAAGGCTC,,
4-H03,,4,H03,4,H03,719,GCGTAGTA,522,TCGCATAA,,
4-A04,,4,A04,4,A04,720,CGGAGCCT,513,CTAGTCGA,,
4-B04,,4,B04,4,B04,720,CGGAGCCT,515,AGCTAGAA,,
4-C04,,4,C04,4,C04,720,CGGAGCCT,516,ACTCTAGG,,
4-D04,,4,D04,4,D04,720,CGGAGCCT,517,TCTTACGC,,
4-E04,,4,E04,4,E04,720,CGGAGCCT,518,CTTAATAG,,
4-F04,,4,F04,4,F04,720,CGGAGCCT,520,ATAGCCTT,,
4-G04,,4,G04,4,G04,720,CGGAGCCT,521,TAAGGCTC,,
4-H04,,4,H04,4,H04,720,CGGAGCCT,522,TCGCATAA,,
4-A05,,4,A05,4,A05,721,TACGCTGC,513,CTAGTCGA,,
4-B05,,4,B05,4,B05,721,TACGCTGC,515,AGCTAGAA,,
4-C05,,4,C05,4,C05,721,TACGCTGC,516,ACTCTAGG,,
4-D05,,4,D05,4,D05,721,TACGCTGC,517,TCTTACGC,,
4-E05,,4,E05,4,E05,721,TACGCTGC,518,CTTAATAG,,
4-F05,,4,F05,4,F05,721,TACGCTGC,520,ATAGCCTT,,
4-G05,,4,G05,4,G05,721,TACGCTGC,521,TAAGGCTC,,
4-H05,,4,H05,4,H05,721,TACGCTGC,522,TCGCATAA,,
4-A06,,4,A06,4,A06,722,ATGCGCAG,513,CTAGTCGA,,
4-B06,,4,B06,4,B06,722,ATGCGCAG,515,AGCTAGAA,,
4-C06,,4,C06,4,C06,722,ATGCGCAG,516,ACTCTAGG,,
4-D06,,4,D06,4,D06,722,ATGCGCAG,517,TCTTACGC,,
4-E06,,4,E06,4,E06,722,ATGCGCAG,518,CTTAATAG,,
4-F06,,4,F06,4,F06,722,ATGCGCAG,520,ATAGCCTT,,
4-G06,,4,G06,4,G06,722,ATGCGCAG,521,TAAGGCTC,,
4-H06,,4,H06,4,H06,722,ATGCGCAG,522,TCGCATAA,,
4-A07,,4,A07,4,A07,723,TAGCGCTC,513,CTAGTCGA,,
4-B07,,4,B07,4,B07,723,TAGCGCTC,515,AGCTAGAA,,
4-C07,,4,C07,4,C07,723,TAGCGCTC,516,ACTCTAGG,,
4-D07,,4,D07,4,D07,723,TAGCGCTC,517,TCTTACGC,,
4-E07,,4,E07,4,E07,723,TAGCGCTC,518,CTTAATAG,,
4-F07,,4,F07,4,F07,723,TAGCGCTC,520,ATAGCCTT,,
4-G07,,4,G07,4,G07,723,TAGCGCTC,521,TAAGGCTC,,
4-H07,,4,H07,4,H07,723,TAGCGCTC,522,TCGCATAA,,
4-A08,,4,A08,4,A08,724,ACTGAGCG,513,CTAGTCGA,,
4-B08,,4,B08,4,B08,724,ACTGAGCG,515,AGCTAGAA,,
4-C08,,4,C08,4,C08,724,ACTGAGCG,516,ACTCTAGG,,
4-D08,,4,D08,4,D08,724,ACTGAGCG,517,TCTTACGC,,
4-E08,,4,E08,4,E08,724,ACTGAGCG,518,CTTAATAG,,
4-F08,,4,F08,4,F08,724,ACTGAGCG,520,ATAGCCTT,,
4-G08,,4,G08,4,G08,724,ACTGAGCG,521,TAAGGCTC,,
4-H08,,4,H08,4,H08,724,ACTGAGCG,522,TCGCATAA,,
4-A09,,4,A09,4,A09,726,CCTAAGAC,513,CTAGTCGA,,
4-B09,,4,B09,4,B09,726,CCTAAGAC,515,AGCTAGAA,,
4-C09,,4,C09,4,C09,726,CCTAAGAC,516,ACTCTAGG,,
4-D09,,4,D09,4,D09,726,CCTAAGAC,517,TCTTACGC,,
4-E09,,4,E09,4,E09,726,CCTAAGAC,518,CTTAATAG,,
4-F09,,4,F09,4,F09,726,CCTAAGAC,520,ATAGCCTT,,
4-G09,,4,G09,4,G09,726,CCTAAGAC,521,TAAGGCTC,,
4-H09,,4,H09,4,H09,726,CCTAAGAC,522,TCGCATAA,,
4-A10,,4,A10,4,A10,727,CGATCAGT,513,CTAGTCGA,,
4-B10,,4,B10,4,B10,727,CGATCAGT,515,AGCTAGAA,,
4-C10,,4,C10,4,C10,727,CGATCAGT,516,ACTCTAGG,,
4-D10,,4,D10,4,D10,727,CGATCAGT,517,TCTTACGC,,
4-E10,,4,E10,4,E10,727,CGATCAGT,518,CTTAATAG,,
4-F10,,4,F10,4,F10,727,CGATCAGT,520,ATAGCCTT,,
4-G10,,4,G10,4,G10,727,CGATCAGT,521,TAAGGCTC,,
4-H10,,4,H10,4,H10,727,CGATCAGT,522,TCGCATAA,,
4-A11,,4,A11,4,A11,728,TGCAGCTA,513,CTAGTCGA,,
4-B11,,4,B11,4,B11,728,TGCAGCTA,515,AGCTAGAA,,
4-C11,,4,C11,4,C11,728,TGCAGCTA,516,ACTCTAGG,,
4-D11,,4,D11,4,D11,728,TGCAGCTA,517,TCTTACGC,,
4-E11,,4,E11,4,E11,728,TGCAGCTA,518,CTTAATAG,,
4-F11,,4,F11,4,F11,728,TGCAGCTA,520,ATAGCCTT,,
4-G11,,4,G11,4,G11,728,TGCAGCTA,521,TAAGGCTC,,
4-H11,,4,H11,4,H11,728,TGCAGCTA,522,TCGCATAA,,
4-A12,,4,A12,4,A12,729,TCGACGTC,513,CTAGTCGA,,
4-B12,,4,B12,4,B12,729,TCGACGTC,515,AGCTAGAA,,
4-C12,,4,C12,4,C12,729,TCGACGTC,516,ACTCTAGG,,
4-D12,,4,D12,4,D12,729,TCGACGTC,517,TCTTACGC,,
4-E12,,4,E12,4,E12,729,TCGACGTC,518,CTTAATAG,,
4-F12,,4,F12,4,F12,729,TCGACGTC,520,ATAGCCTT,,
4-G12,,4,G12,4,G12,729,TCGACGTC,521,TAAGGCTC,,
4-H12,,4,H12,4,H12,729,TCGACGTC,522,TCGCATAA,,
